any	45.53157358356112
he	34.256470604555034
them	32.416228530512605
t	30.11754153168268
new	29.657227521748112
us	28.730666050603354
use	28.278850995432734
so	26.89830007473372
his	26.20216630368571
people	25.059420008178797
They	23.916444076840673
think	23.68290597975709
would	23.2219789272382
did	22.993761989022037
know	22.990537955036853
There	22.528943133790957
but	22.073982609673312
had	22.06823204250216
done	22.064411879633155
known	21.376947397665415
It's	21.1507886199541
were	20.92843699696991
first	19.77064018030562
do	19.769058055002287
Western	19.764795495582383
m	19.0877257710862
just	19.082339449697503
give	19.0789432439065
possible	18.39074329649407
particular	17.46972389315397
full	17.465504482701313
ll	17.24144462927388
top	17.23686344893252
that's	17.235474679133457
up	17.015388908396204
reason	17.007668995710983
and	16.549354278070368
either	16.362463687946637
NOT	16.32461648810466
event	16.087263269791855
whose	15.63568653133444
more	15.635026059543398
death	15.63227620587891
conservative	15.630921473779052
amongst	15.625858227235046
set	15.403035021541456
reported	15.181854080116427
political	15.175598735876674
One	14.94066158113174
because	14.488600793524366
came	14.252816900401424
never	14.249338560070656
very	14.023507833858773
then	14.018076048558166
got	14.017418766011737
aren	13.793450133179688
matter	13.788591324221388
still	13.783786893833351
view	13.558806698701948
turned	13.557535542886704
year	13.343294031187352
go	13.103431790206194
May	13.102175301061509
held	13.101540687041101
isn	12.640115190574072
part	12.416733230954783
various	12.415378233943802
ago	12.412771274079745
World	12.411818517943189
wouldn	12.184843702077774
called	12.184622897218246
after	12.184435908605627
Chinese	12.181257719332303
self	12.178465567045398
anything	11.964679393251139
off	11.960578096232437
bad	11.958034770180543
they	11.957008052358258
between	11.955111245779806
You	11.954802730959202
him	11.953978908272854
thought	11.953646171757553
raise	11.952993517124725
shouldn	11.949826200292755
Although	11.720187796617921
own	11.49557785349929
move	11.49180042245412
authorities	11.264668212324143
having	11.261841364822752
New	11.03461467107151
alone	10.800945210735819
those	10.348579656435673
words	10.348523146961465
real	10.348465929698023
accompanied	10.345532518109495
day	10.34484727669861
Archbishop	10.344466817911618
October	10.34442021360955
minor	10.34409967579925
minutes	10.343375863280208
considered	10.343320500695715
returned	10.34103806734007
aid	10.341033040488336
said	10.339728882680008
simple	10.136019029630539
against	10.117379641206243
faith	10.11616329540931
refuse	10.115281492541575
until	10.115108861030008
July	10.114100776826433
certainly	10.113344465374194
family	10.113003445179695
addition	10.11149661940597
public	10.11067644339772
probably	10.109959133983047
information	9.89028898922944
responsibility	9.888113478613045
effect	9.886804265813913
man	9.886019459088166
during	9.885232205454532
anti	9.88499622526608
events	9.884667628959406
annual	9.88149177571827
serious	9.657295963513125
focused	9.656705302679551
Great	9.655603390168613
involved	9.65486362493668
suffer	9.654532937439878
Don	9.65304349345422
pray	9.65294680842959
tax	9.652730489068688
Do	9.651831725015674
drop	9.65122812374314
built	9.421963888315139
my	9.193379577956799
arse	9.191945345806136
chances	8.961484739124561
forget	8.743738990607543
doesn	8.734941616682642
type	8.732165765914097
something	8.506133053774676
started	8.283585633038596
lead	8.28217683708783
religious	8.279866946105752
issues	8.279128182839175
next	8.278466534220982
God	8.27835910493663
system	8.278133246103286
grounds	8.277453316868355
brothers	8.27720201201112
history	8.277019599608552
tend	8.276771541254552
vote	8.276594454940149
France	8.276552982266933
want	8.275892748166907
Indeed	8.275880462659615
President	8.275613284688086
thanks	8.27553323342926
attend	8.27536244876854
languages	8.27484693775163
home	8.274778334006243
Ukraine	8.27460340930187
ceremony	8.274504434933394
me	8.272794271871161
wrote	8.272483312474364
judgment	8.052276735624734
things	8.047717279915492
great	8.047013150863691
much	8.046947523654682
ones	8.046937491643487
matters	8.046504198896786
neither	8.045945265094621
But	8.045925053842364
number	8.045812196730243
literature	8.04579070758099
typical	8.045682191716482
such	8.045591410624116
wants	8.045190094213103
needs	8.045189601899576
speaking	8.045164054220493
helped	8.044810818654874
changed	8.044574823362675
developed	8.044214226667311
Once	8.043073165491224
power	8.042824413350829
Hierarch	7.818722035158915
protect	7.817761579799214
out	7.81658967380012
equally	7.816469787134643
Ray	7.81645617730818
hard	7.816414249093104
knew	7.816367689315734
keep	7.816193345026537
aided	7.816085277257779
music	7.8156224170386475
turn	7.81549969728399
issue	7.815264431637112
already	7.8134309514804325
working	7.81247657577208
coming	7.595876252171422
Axis	7.586580073686701
Patriarch	7.585967690745585
measure	7.585826267323203
OCA	7.5857295297034115
blog	7.585313126481232
run	7.58296907821725
make	7.582588169930482
difficult	7.581747804159128
else	7.356156168159008
within	7.3557680586299
lost	7.352835537619583
won	7.123058482659504
date	6.893562082454721
People	6.703856500073204
experienced	6.2509430929457706
associated	6.226699046366892
mid	6.221530426621661
special	6.216159850551731
editor	6.215922714811842
Monday	6.21569037066078
opponent	6.214640092189704
contempt	6.213880358699447
Your	6.213342393281792
like	6.213019407427302
tired	6.212767281236321
Freddie	6.2109836660607565
say	6.210777793700425
atmosphere	6.210704942106868
fire	6.210349139714687
method	6.210112320814124
really	6.209647784176308
website	6.2089339327594155
some	6.20878706463577
Shall	6.208506531694141
centre	6.208355680421513
per	6.208277018189313
Lord	6.208209809904821
East	6.208073753561397
services	6.208037006822708
details	6.208015447422205
house	6.207931574808588
Tunisia	6.207912833830332
readers	6.207855030848358
note	6.207738200922118
hot	6.2076868537344465
decided	6.207646275285138
often	6.207609186264497
countries	6.207582888443111
sell	6.207506574699757
giving	6.207320189651447
performance	6.207301700799235
Security	6.207257567891185
discipline	6.20719029516622
open	6.207161800145511
played	6.207084689720193
fact	6.2070794797024975
cities	6.2070747407288405
world	6.207045483142265
calling	6.207026730533976
circles	6.20702570743922
making	6.206991384758665
led	6.206903967287505
English	6.206897687892022
degrees	6.2068546018340465
government	6.206795758237128
Anders	6.206757779024133
stability	6.2067488016591845
pious	6.206718689017436
display	6.206704812776891
February	6.206670953917401
manner	6.206590664781087
none	6.206549835940316
situation	6.206537587701943
August	6.20652081975457
admitted	6.206505259604052
re	6.206494516036748
let	6.206437650595388
Hey	6.206424110004906
doctors	6.206392061988515
conference	6.206378900644836
preparation	6.2063704953773255
went	6.206344795551479
possibility	6.2063447051070675
easily	6.206306443957963
sources	6.20626110821148
After	6.20621998717958
small	6.206173294994048
Sunday	6.206159844663705
commented	6.206159081729411
absence	6.206112761713372
morning	6.206034661615177
name	6.205994283110682
decisions	6.205966425385368
places	6.205845509221938
Constantinople	6.205722715327676
exact	6.205708127054753
evil	6.205704017698627
served	6.20555146967021
we	6.2054450899238764
Grand	6.205266817612386
efforts	6.205186171206949
success	6.205050928234926
approved	6.204878652900312
attacks	6.204594089475092
generation	6.204140618096232
unfortunately	6.203780885619177
large	6.203761688205418
attempts	6.203686062822991
Centre	5.980587340411486
conduct	5.980054210026616
Vladyki	5.979257197110335
non	5.979237891404044
didn	5.978677599137522
White	5.978431511440249
Russians	5.978221655013921
image	5.977876947175963
forgotten	5.977713382845584
night	5.977640222945474
Another	5.977557967096968
role	5.977555624884819
yet	5.977510808105022
amount	5.97744325542652
it's	5.977363297399272
representatives	5.9772803158951495
Roubles	5.97720764899644
St	5.977177791358463
case	5.977029537404113
version	5.976974027409648
nothing	5.976893404202791
report	5.976816979342871
act	5.976741979147901
into	5.97672987352972
Russian	5.976708753117583
Orthodox	5.976545469284003
seems	5.976532197352652
tell	5.976519627411268
vital	5.976493004000485
bids	5.9763050891016425
deeply	5.976264232495113
earth	5.9762568019458415
Rights	5.976029216495393
hit	5.975903330485436
Right	5.975696588327118
stay	5.975325610307345
T	5.975123951547709
twice	5.974733974953328
routine	5.974629559230939
brave	5.974184369491419
well	5.755856418133094
since	5.755856418133094
save	5.75428559851815
fit	5.748864677435778
comment	5.7475737239126
Euros	5.7475354239380065
living	5.746897147864366
argue	5.746597254324227
her	5.74656304890115
K	5.746055815445176
exactly	5.745294710828164
crisis	5.744974904580608
says	5.744725528071264
preparing	5.744708237770041
em	5.744704855618394
points	5.74420379813365
least	5.517355233066446
structure	5.5164849628914885
main	5.516383462179406
Ghetto	5.303348603499906
have	5.287352612149929
begin	5.287137649393651
documents	5.285294946278192
crook	5.284702406952187
destroyed	4.446348937933715
spot	4.368090001074994
Russia	4.289185437061168
observation	4.18865956472074
roles	4.18865956472074
Also	4.183014221839761
deployment	4.169205063208937
entirely	4.167509807300385
Save	4.166921226563323
Therefore	4.164834169725257
expressing	4.161784434763245
team	4.159922614339483
larger	4.158307700838279
Science	4.156349457155049
acting	4.154441527314539
evaluate	4.152253731585374
refer	4.151984039886289
sought	4.149984300922281
follow	4.14973781402763
stable	4.148983280396245
recently	4.1488005316639915
sometime	4.147601699700681
lot	4.147250173232084
serving	4.146842902159465
different	4.146620203330949
order	4.146317128534513
So	4.146018326065504
taking	4.1457859350375985
He	4.145569797568703
Cossack	4.145231626505838
screen	4.144590018071975
toe	4.144361658818464
ve	4.144128019056825
lie	4.143972497981364
don	4.1438560432748455
Minister	4.143767911780511
only	4.143738659913657
Christian	4.143526408942792
specialized	4.143449549638243
waiting	4.143046206754922
burning	4.1429444065508445
than	4.1428023385300525
capabilities	4.142786553349081
cut	4.1426225976950555
Muscovites	4.142553156342968
further	4.1424882640108285
makes	4.142435834978764
obviously	4.142376253153033
scientific	4.142283393691812
widest	4.142200915143994
potentially	4.142129117999908
foreign	4.141927459936441
evidence	4.141874102468481
Patriarchate	4.141819439186945
draft	4.141561208414799
nearby	4.141340946566733
its	4.1413374323077585
types	4.14131034737521
linked	4.141233200187333
shifted	4.141059712609084
right	4.141051159727755
red	4.140929066004123
met	4.140791270105388
pages	4.140726992534341
five	4.140713708332103
send	4.140643730966795
assist	4.140567356033188
latest	4.14053440720068
reducing	4.140527340756396
quote	4.140513332001759
whatever	4.140394344489184
example	4.140291364681268
Hands	4.1402805010381
suspects	4.140203882449632
leads	4.140189044579676
whims	4.140149828208888
MG	4.140101349919731
largest	4.139991189748849
books	4.139925405130731
named	4.139620118364257
wealth	4.139580291154221
Thousand	4.139543729365841
mass	4.139542644502193
strengthen	4.139494281500337
Others	4.139484590736693
list	4.139474242069245
REAL	4.139469709340691
board	4.139460871503979
Vote	4.139460092566294
Stokoe's	4.139431056349699
heat	4.139286879073341
CIA	4.1391982539922525
gate	4.1391349904195085
preceded	4.1391278537888345
preside	4.139084657999439
higher	4.139044970245196
Orthodoxy	4.139026646001011
America	4.138920661258086
lives	4.138909908922758
obvious	4.13890043924636
invented	4.138887061746428
here	4.138874090288773
though	4.138870831421049
plant	4.138865494742641
mess	4.138848324137924
class	4.138840938655084
bodies	4.1388291723299675
NO	4.138824614677977
THAT'S	4.1388196484959305
child	4.13881205725675
truly	4.138800430347236
felt	4.138795913960733
smile	4.138789610499593
welcome	4.138778345186552
beleaguered	4.138775715432021
key	4.138743550006713
materials	4.1387414107988985
holidays	4.138633995639051
supporting	4.138621164951138
Last	4.138594527549093
comes	4.138591563454831
building	4.138591253123792
according	4.138582278150959
hastily	4.138547538676373
unit	4.138521145019524
Among	4.138492655226914
simulate	4.138453671225892
vast	4.138438194014981
allegedly	4.138386839995029
appointment	4.138378013306307
Light	4.1383719852047935
increased	4.1383672926984545
Joseph	4.1383633219921885
attention	4.13834810127144
Catholics	4.138329186124041
admit	4.138328979019884
label	4.138328295322209
explain	4.138304419337692
jazzed	4.1382959391094385
Firstly	4.1382910306330585
ultimately	4.138290152209301
witnesses	4.138286770567723
human	4.138278364967739
Look	4.138277609987724
threw	4.138269807542386
upon	4.13826076751133
days	4.138251661065871
celebrate	4.138246620683243
German	4.138246371287406
North	4.138242214965061
TV	4.138232285432911
hardly	4.13820561745119
entities	4.138204253208324
preparations	4.13819283504303
s	4.138191287606448
powers	4.138151994177822
bells	4.138143163336674
ravening	4.138139038699379
expects	4.13812777506969
growing	4.138107011424286
pool	4.138099641005781
Rome	4.138098751344403
not	4.138092719709397
Description	4.138084638405002
player	4.138077811003237
alive	4.138077521223013
famous	4.138071898435884
ruled	4.138070369025404
considerable	4.138066166351985
joint	4.13806400682207
advise	4.138061319503871
promotion	4.138055723165907
courts	4.138045956270609
career	4.138017666609561
City	4.138013433741096
invisible	4.13798187104647
GPLed	4.137981796790539
politics	4.137966271292149
Very	4.137958004304914
voted	4.137945538839797
Back	4.137944180649544
vacuum	4.137916348479915
anniversary	4.137899561064676
till	4.137897729541768
poetry	4.137888293238023
Whether	4.1378853850851955
birthday	4.13787895078557
president	4.137871857996646
office	4.137870768451758
demand	4.137870729910597
Chancellor	4.137860025052526
replace	4.137857199474638
Anglo	4.13784362916248
culture	4.137839845366029
their	4.1378317721456055
Uniates	4.137814135214472
strong	4.137812466352975
search	4.137807175162657
faction	4.1378068697668065
exception	4.137806589228132
stone	4.137771952235002
Yolkin's	4.137767355065738
Park	4.137723601692576
accept	4.137707539686822
injuries	4.137689234034761
topple	4.137685521793114
Moriak's	4.137683065602572
around	4.137675402300923
anyone	4.137673231250203
n	4.1376723927015835
holy	4.13766707110458
venue	4.1376656291577785
Yushchenko	4.137642140403379
indeed	4.137642066702336
required	4.137624723302508
away	4.137602112333591
marked	4.137592801798572
citizens	4.137589381694203
bitter	4.137577979009149
cares	4.1375724891907595
route	4.137571137199643
reasons	4.137550568331102
stuck	4.137538457078169
properly	4.137523990024407
likewise	4.13751756851861
beforehand	4.137511204344978
Bobby	4.13751111690396
you	4.137508899955832
times	4.137505253890368
minute	4.137497584728387
general	4.137489749985539
Nikolić's	4.13747097526151
switched	4.137455047371777
foe	4.137448665120687
blame	4.137430079227165
sniper	4.137417658011145
David	4.1374160645289315
yes	4.137413331428962
shown	4.1373910164775864
poster	4.137386824486416
oca	4.137324858876676
Court	4.137317697371516
press	4.137253892605671
isolated	4.137252888083918
take	4.137243770887099
severe	4.137235204774542
reduce	4.137221886303075
facto	4.137165008600363
radio	4.137127086197207
diaspora	4.137109094515846
disparate	4.1371016729204015
Works	4.137100722402057
Judge	4.137077700923676
therefore	4.137067328624168
Swedish	4.137022067994493
Terrence	4.137021822856639
hymns	4.137014616690392
Way	4.137002716343204
population	4.136999549149489
pigs	4.136992253093068
Palermo	4.136963890600076
Ivan	4.136926789835266
mountainous	4.136910880584857
Blunder	4.136899489701451
grave	4.136895841816361
monitoring	4.136850308450247
going	4.136818232832965
Region	4.1367638850140445
mode	4.136748618521798
dinner	4.136739766187264
perform	4.136721367084173
overall	4.136713518689808
appearing	4.136705949894752
personnel	4.136683150168607
Canadian	4.136655862605691
klicks	4.1366545875862855
via	4.136621868473322
mean	4.136617700563156
lack	4.136613802362206
sample	4.136587197965993
failed	4.136585515896961
System	4.1365700939113825
Since	4.136503006743586
medical	4.13649259736461
someone	4.136444525325215
completely	4.136422990821729
fabulous	4.136403746464919
founded	4.136375660209348
regularly	4.136323239663556
greeting	4.136307049034879
sure	4.136297127495834
bright	4.136254888638877
pastoral	4.136249284934729
Nevertheless	4.136239988550108
refers	4.136177281633711
Viktor	4.136171258792619
incompetence	4.136128146025508
fate	4.1361145970966975
equipped	4.1361118302142055
tactics	4.136057783702509
convenient	4.136014257558768
arrived	4.1359905919073015
Icon	4.13598693217644
developments	4.135935949860271
Baroness	4.135931042897517
enabled	4.135863892015492
sex	4.135821741766092
tens	4.13580941953403
Meeting	4.13576924354852
loved	4.1357388174459535
empty	4.135709433410718
spend	4.135604834166176
producers	4.1352358488001375
expected	4.135109477562735
education	3.9531751466075895
show	3.9531751466075895
Oeps	3.919579850062896
operator	3.9120241133227376
below	3.9120009488036374
together	3.9117880491452492
break	3.9112760329956315
jointly	3.9112760329956306
able	3.909745029240292
old	3.909729194990156
China	3.90965179691594
thousands	3.90965179691594
fairy	3.909271638338114
couple	3.909052609505132
forever	3.90903334787093
comparison	3.908749341566488
Ilya	3.90871842155047
Old	3.908700602707491
Yet	3.9085603914846576
Mayer	3.9085553064833483
happened	3.908401628310417
while	3.908401628310417
absolutely	3.908362735238436
JP's	3.9083598102937445
George	3.9083026997760966
USD	3.9082634623190873
W	3.9082318156796845
slated	3.9080541508209707
territory	3.908053694106073
Holiness	3.908006466208081
agency	3.9079205754885726
Michael	3.9078911419873883
Something	3.9077760154693344
unanimous	3.907730725071169
convert	3.907627610957209
ready	3.9076273436998865
heard	3.90757093744073
boobs	3.9070960580279626
certain	3.907096058027962
talking	3.9069290533613605
normally	3.906760295219633
monument	3.9067109384043235
blessing	3.9065102967093845
originally	3.9064791412280213
threaten	3.9064469632324688
instructor	3.9062903803748252
Prince	3.906290380374825
previous	3.9061968144438826
County	3.9060358710874152
spun	3.678703415425815
terrorists	3.678366572430855
civilians	3.6783665724308547
comers	3.6778856776826743
Lake	3.677354413857241
dozen	3.6761991621224874
whether	3.676199162122487
Give	3.676187306682414
honour	3.6759023789309238
Fris	3.460218708313693
Delft	3.460218708313693
Ser	3.4602187083136924
Sciences	3.2637075718015676
Relevant	3.2637075718015676
Islands	3.2637075718015676
éléments	3.2637075718015676
fracturing	3.2637075718015676
Identification	3.2637075718015676
Dario	3.2637075718015676
Rwandan	3.2637075718015676
unpublished	3.2637075718015676
DH	3.2637075718015676
sucking	3.2637075718015676
déformations	3.2637075718015676
ranges	3.2637075718015676
Lambert	3.2637075718015676
Freedom	3.2637075718015676
datasets	3.2637075718015676
mechanic	3.2637075718015676
Klaus	3.2637075718015676
Fluent	3.2637075718015676
Klavierstücke	3.2637075718015676
matching	3.2637075718015676
Andrea	3.2637075718015676
linear	3.2637075718015676
industry	3.2637075718015676
crucial	3.2637075718015676
LONG	3.2637075718015676
longer	3.2637075718015676
inclination	3.2637075718015676
immortal	3.2637075718015676
friendly	3.2637075718015676
chovesse	3.2637075718015676
satisfactory	3.2637075718015676
rentré	3.2637075718015676
clé	3.2637075718015676
인해	3.2637075718015676
lone	3.2637075718015676
Así	3.2637075718015676
Because	3.2637075718015676
joining	3.2637075718015676
ownership	3.2637075718015676
choosing	3.2637075718015676
CS	3.2637075718015676
worldly	3.2637075718015676
Concordia	3.2637075718015676
préparation	3.2637075718015676
Owns	3.2637075718015676
epistemology	3.2637075718015676
biochemist	3.2637075718015676
Bahnsen	3.2637075718015676
teens	3.2637075718015676
Fredrico	3.2637075718015667
Fellini	3.2637075718015667
Rota	3.2637075718015667
Composer	3.2637075718015667
drawn	3.2637075718015667
Nico	3.2637075718015667
worth	2.7642383143838476
indifferent	2.764238314383847
simmer	2.764238314383847
heresies	2.2989987199620705
deliver	2.2989987199620705
money	2.2989987199620705
elevating	2.2989987199620705
arguments	2.2525745974828753
founder	2.2525745974828753
codec	2.2525745974828753
virtualized	2.2525745974828753
summarized	2.2525745974828753
marketing	2.2525745974828753
Development	2.2525745974828753
middle	2.2525745974828753
paste	2.2525745974828753
Mr	2.1937743404508403
scene	2.1937743404508403
depicts	2.1937743404508403
piece	2.1937743404508403
invasions	2.1937743404508403
Ryzhenko's	2.1937743404508403
century	2.1937743404508403
Mongol	2.1937743404508403
import	2.104693709492658
initiates	2.104693709492658
vary	2.104693709492658
pyrolysis	2.104693709492658
previously	2.104693709492658
dissected	2.104693709492658
substance	2.104693709492658
sol	2.104693709492658
identify	2.104693709492658
group	2.104693709492658
DS	2.104693709492658
I3	2.104693709492658
tunneled	2.104693709492658
reserved	2.104693709492658
Furthermore	2.104693709492658
IGMP	2.104693709492658
Aggregation	2.104693709492658
tracing	2.104693709492658
bedeutet	2.100949310245414
malware	2.100949310245414
proposals	2.100949310245414
essentially	2.100949310245414
download	2.100949310245414
pyhton	2.100949310245414
color	2.100949310245414
recognizes	2.100949310245414
organisatorische	2.100949310245414
shut	2.0954110966103277
point	2.0954110966103277
ponder	2.0954110966103277
Artists	2.095411096610327
omnipotent	2.09222065553435
unworthy	2.09222065553435
Federative	2.09222065553435
enthusiastically	2.09222065553435
symbolises	2.09222065553435
morgue	2.09222065553435
Positivist	2.09222065553435
News	2.09222065553435
roots	2.09222065553435
six	2.091222776418173
current	2.091222776418173
ionic	2.091222776418173
approval	2.091222776418173
supporters	2.091222776418173
disadvantages	2.091222776418173
receive	2.091222776418173
tetrahedral	2.091222776418173
everyone	2.091222776418173
provisions	2.090520014037106
Kashmir	2.090520014037106
present	2.090520014037106
APR2D	2.090520014037106
engender	2.090520014037106
appreciating	2.090520014037106
folding	2.090520014037106
revealed	2.090520014037106
antenatal	2.090520014037106
accommodate	2.0903413098853822
Urdu	2.0903413098853822
ain	2.0903413098853822
During	2.090341309885382
Filipinos	2.090341309885382
Partier	2.090341309885382
Daily	2.090341309885382
Ministry	2.0869554168473314
unemployed	2.0869554168473314
comprometidos	2.0869554168473314
tarnish	2.0869554168473314
estés	2.0869554168473314
remove	2.0869554168473314
lacks	2.0869554168473314
soñar	2.0869554168473314
específicos	2.0869554168473314
specify	2.084675075201825
repeatedly	2.084675075201825
depencency	2.084675075201825
Syntactically	2.084675075201825
aggregating	2.084675075201825
raises	2.084675075201825
messages	2.084675075201825
detecting	2.084675075201825
Technically	2.084675075201825
spoil	2.0844182080683593
Canyon	2.0844182080683593
Eksjö	2.0844182080683593
enjoyed	2.0844182080683593
acquisition	2.0844182080683593
Defence	2.0844182080683593
denied	2.0844182080683593
departed	2.0844182080683593
journal	2.083965855228082
diversity	2.083965855228082
functions	2.083965855228082
followed	2.083965855228082
germ	2.083965855228082
logs	2.0820649115943466
produced	2.0820649115943466
documentation	2.0820649115943466
PCS04A_	2.0820649115943466
sessions	2.0820649115943466
model	2.0820649115943466
Click	2.0820649115943466
Numbers	2.080339831917629
maneuvering	2.080339831917629
minimally	2.080339831917629
NSF	2.080339831917629
Art	2.080339831917629
kept	2.080339831917629
Libration	2.080339831917629
Poincare	2.080339831917629
duty	2.080339831917629
find	2.079600437959322
Ripper	2.079600437959322
testing	2.079600437959322
responds	2.079600437959322
flash	2.079600437959322
techniques	2.079600437959322
QualysGuard	2.079600437959322
replicas	2.079600437959322
free	2.079600437959322
Representative	2.0769844076745874
Wilsonian	2.0769844076745874
missions	2.0769844076745874
Read	2.0769844076745874
uniform	2.076984407674587
trying	2.076984407674587
Gais	2.0764012125262172
Boortorie	2.0764012125262172
Riba	2.0764012125262172
Sefn	2.075838070340631
Loser	2.075838070340631
Hotus	2.075838070340631
Atlas	2.075838070340631
Kasr	2.075838070340631
ManoelNetto	2.075644634458104
beat	2.075644634458104
Work	2.075644634458104
arquivos	2.075644634458104
tenta	2.075644634458104
código	2.075644634458104
publication	2.075644634458104
credibility	2.075644634458104
NENHUMA	2.075644634458104
traditions	2.075504406271124
Sklifosovsky	2.075504406271124
Sklif	2.075504406271124
aboard	2.075504406271124
Flight	2.075504406271124
Airborne	2.075302108459236
Vasilyev	2.075302108459236
operate	2.075302108459236
generator	2.075302108459236
projector	2.075302108459236
theatre	2.0753021084592356
Lacapère	2.074829017915913
MN	2.074829017915913
hepatic	2.074829017915913
Netw	2.074829017915913
comprising	2.074829017915913
contraceptive	2.074829017915913
lived	2.074829017915913
Republic	2.074492859839875
sworn	2.074492859839875
way	2.074492859839875
GOOD	2.074240549883392
Burdikoff	2.074240549883392
substantial	2.0742405498833913
bout	2.0742405498833913
punches	2.0742405498833913
foul	2.0742405498833913
unintended	2.0742405498833913
conversation	2.0742405498833913
ambitions	2.0742334077565077
plain	2.0742334077565077
smoke	2.0742334077565077
admits	2.0742334077565077
Lucian	2.0742334077565077
knows	2.0742334077565077
penetrating	2.0742334077565077
peace	2.0742334077565077
delight	2.0739585216910554
Publishers	2.0739585216910554
GVR	2.0739585216910554
retained	2.0739585216910554
Fingerprints	2.0739585216910554
Dodge	2.0739585216910554
Mason	2.0739585216910554
approach	2.0739585216910554
feature	2.073777272693419
harbour	2.073777272693419
crazy	2.073777272693419
Lesbi	2.073777272693419
somewhere	2.073777272693419
folks	2.073777272693419
Dubz	2.073777272693419
hmm	2.0736431780096245
dilemma	2.0736431780096245
automated	2.0736431780096245
depends	2.0736431780096245
garages	2.0736431780096245
combining	2.0736431780096245
progress	2.0736431780096245
spur	2.0736431780096245
cannot	2.0736326256364537
directness	2.0736326256364537
reckless	2.0736326256364537
œreligion	2.0736326256364537
tour	2.0736326256364537
pushes	2.0736326256364537
teamwork	2.0734788741251218
difficulties	2.0734788741251218
foot	2.0734788741251218
alcohol	2.0734788741251218
addiction	2.0734788741251218
dives	2.0734788741251218
Skeptics	2.0734788741251218
Oct	2.0734788741251218
utterly	2.0733892523908612
sick	2.0733892523908612
Clinton	2.0732416683792074
imprisoning	2.0732416683792074
Kolomyia	2.07323650760954
director	2.07323650760954
unashamed	2.07323650760954
thing	2.07323650760954
attempted	2.07323650760954
That's	2.07323650760954
understood	2.07323650760954
Khmelnytsky	2.07323650760954
discernable	2.07323650760954
perfume	2.0729998932476943
upper	2.0729998932476943
artistic	2.0729998932476943
advantage	2.0729998932476943
restricted	2.0729998932476943
Gabrielle's	2.0729998932476943
Newton's	2.0723836019269677
Johannes	2.0723836019269677
predictions	2.0723836019269677
enjoying	2.072376615720192
calls	2.072376615720192
functionality	2.072376615720192
preferably	2.072376615720192
boost	2.072376615720192
ME	2.072376615720192
trip	2.0722968204438064
FORESEEABLE	2.0722968204438064
floppy	2.0722968204438064
exports	2.0722968204438064
treated	2.0722968204438064
ITS	2.0722968204438064
tyrannical	2.0721979993191524
Land	2.0721979993191524
awaken	2.0721979993191524
DARPA's	2.0721979993191524
Boom	2.0721979993191524
repress	2.0721979993191524
copied	2.0721979993191524
invariably	2.0721979993191524
worries	2.0721979993191524
floating	2.0720987106900566
imaginations	2.0720987106900566
box	2.0720987106900566
righteous	2.0720765786511213
ugly	2.0720765786511213
dictator	2.0720765786511213
cooperation	2.0720765786511213
always	2.0720765786511213
Fabergé	2.0720765786511213
Air	2.0720765786511213
toddler	2.0719901355983983
maliciousness	2.0719901355983983
Banderist	2.0719901355983983
court	2.0719901355983983
diasporas	2.0719901355983983
Pankin	2.0719901355983983
Alexander's	2.0719901355983983
reversing	2.0719901355983983
punish	2.0719138996677446
decent	2.0719138996677446
brought	2.0719138996677446
autographs	2.071913899667744
Recently	2.071913899667744
canceled	2.071862397676246
audience	2.071862397676246
slammed	2.071862397676246
keyfob	2.071862397676246
paying	2.071862397676246
Safety	2.071862397676246
chess	2.071862397676246
reposting	2.071862397676246
powerlifting	2.071859744120294
Mamalos	2.0718597441202937
Grigoris	2.0718597441202937
freestyle	2.0718597441202937
Stathelakos	2.0718597441202937
Portugal	2.0718597441202937
Swimmers	2.0718597441202937
London's	2.0718597441202937
interests	2.0718161239894055
organisation	2.0718161239894055
findings	2.0718161239894055
March	2.071816123989405
comply	2.071816123989405
rebels	2.0717777761821132
steer	2.0717777761821132
troops	2.0717777761821132
seemingly	2.0717777761821132
Russo	2.0717777761821132
sales	2.0717777761821132
moral	2.0717702267566724
sacrifice	2.0717702267566724
June	2.0717702267566724
Agains	2.0717702267566724
actors	2.0717702267566724
comparison's	2.0717702267566724
courage	2.0717540478893657
walking	2.0717540478893657
harder	2.0717540478893657
objections	2.0717540478893657
accurate	2.0717540478893657
matched	2.0717540478893657
Škurla	2.0717540478893657
stealing	2.071569779447384
unfounded	2.071569779447384
resignation	2.071569779447384
Mark	2.0715697794473837
Christ	2.0715697794473837
Leave	2.0715697794473837
caulking	2.0715407937002284
reflect	2.0715407937002284
Wireless	2.0715407937002284
love	2.0715407937002284
destroy	2.0715407937002284
Birds	2.0715407937002284
Peasants	2.0715407937002284
students	2.071412102891453
staying	2.071412102891453
action	2.071412102891453
successful	2.071412102891453
Nintendo	2.071412102891453
Fresh	2.071371280038498
Allow	2.071371280038498
notice	2.071371280038498
PELCO	2.071371280038498
subfolder	2.071371280038498
audit	2.071371280038498
crashed	2.071371280038498
Whilst	2.0711157970598246
outcome	2.0711157970598246
augmented	2.0711157970598246
pat	2.071112276929831
correct	2.071112276929831
plum	2.071112276929831
hyperclericalism	2.071112276929831
symptoms	2.0710482906406873
progressed	2.071048290640687
aircraft	2.071048290640687
eminent	2.071048290640687
begun	2.071048290640687
Think	2.071048290640687
quit	2.071048290640687
translators	2.07104802359173
greed	2.07104802359173
ripe	2.07104802359173
TROUBLE	2.0710480235917297
crank	2.0710480235917297
threatened	2.0709716178569764
specific	2.0709716178569764
physics	2.0709716178569764
censorships	2.0709716178569764
informed	2.0709716178569764
backbone	2.0709716178569764
laboratory	2.0709716178569764
unnecessary	2.0709716178569764
hope	2.0709716178569764
bombs	2.070910068532553
ordinary	2.070910068532553
participating	2.070910068532553
video	2.070910068532553
Cultural	2.070910068532553
dose	2.070899008877589
Use	2.070899008877589
hypocrisy	2.070899008877589
involves	2.070899008877589
control's	2.070899008877589
Josiah	2.070899008877589
Vodka	2.070899008877589
relation	2.070899008877589
radial	2.0708251573819765
plate	2.0708251573819765
behaves	2.0708251573819765
resembles	2.0708251573819765
sahip	2.0708251573819765
Lisp	2.0708251573819765
radically	2.0708116628766158
Edvin	2.0708116628766158
bears	2.0708116628766158
Stones	2.0708116628766158
conflict	2.0708116628766158
Burma	2.0708116628766158
prominent	2.0708116628766158
left	2.07080647370565
Lavra	2.07080647370565
written	2.07080647370565
confab	2.07080647370565
ru	2.07080647370565
LIVE	2.0707387666659636
Maslenitsa	2.0707387666659636
Carnival	2.0707387666659636
composers	2.070672140021423
However	2.070672140021423
Mikhail	2.070672140021423
Westernisers	2.070672140021423
equal	2.070672140021423
meagre	2.070672140021423
conflicting	2.070665608222091
CC	2.070665608222091
colonial	2.070665608222091
hitting	2.070665608222091
Poster	2.070665608222091
bare	2.070665608222091
meeting	2.0706392566752236
opposition	2.0706392566752236
designated	2.0706392566752236
Hyde	2.0706392566752236
analogue	2.0706392566752236
related	2.0706392566752236
late	2.0706392566752236
Sobyanin	2.0706392566752236
McMansion	2.070574251509466
There's	2.070574251509466
Left	2.070574251509466
raped	2.070574251509466
What's	2.070574251509466
Individualism	2.070574251509466
terraced	2.0705028224299844
Identify	2.0705028224299844
REPRESENTATIVE	2.0705028224299844
sand	2.0705028224299844
Gate	2.0705028224299844
Build	2.0705028224299844
Attachment	2.0705028224299844
initial	2.070445411354973
businesses	2.070445411354973
proofreaders	2.070445411354973
diverse	2.070445411354973
mysql	2.070445411354973
application	2.070445411354973
Earlier	2.0704363706950035
representative	2.0704363706950035
EVEN	2.0704363706950035
Evangelicals	2.0704306883873214
caterwauling	2.0704306883873214
safety	2.0704306883873214
Dr	2.070409937628889
usage	2.070409937628889
consuming	2.070409937628889
Al-based	2.070409937628889
reach	2.070409937628889
undesired	2.070409937628889
helping	2.0702929807678245
powered	2.0702929807678245
invited	2.0702929807678245
package	2.0702929807678245
username	2.0702929807678245
spiritual	2.0702394968511384
desire	2.0702394968511384
Eastern	2.0702394968511384
archpastoral	2.0702394968511384
Taking	2.0702162218347495
cult	2.0702162218347495
commentators	2.0702162218347495
Neoliberalism	2.0702162218347495
Wall	2.070141300579494
encourage	2.070141300579494
back	2.070141300579494
corrective	2.070141300579494
risks	2.070141300579494
inter	2.0701409085368114
transconceptual	2.0701409085368114
locked	2.070117403127508
ROM	2.070117403127507
input	2.070117403127507
globally	2.070117403127507
Link	2.070117403127507
Demonstrations	2.070101795444539
Authorised	2.070101795444539
may	2.070101795444539
exclave	2.070101795444539
Cooperation	2.070101795444539
Denisenko	2.0700653912975797
hospitalised	2.0700653912975793
Slim	2.0700653912975793
allows	2.0699986303942874
neat	2.0699986303942874
Here	2.0699986303942874
young	2.0699986303942874
liturgy	2.0699838372367205
terminology	2.0699838372367205
missed	2.069920169766457
ring	2.069920169766457
gotten	2.069920169766457
bird	2.069920169766457
busy	2.069920169766457
section	2.069920169766457
dolls	2.069920169766457
Beach	2.069920169766457
separate	2.069899791764845
urged	2.069899791764845
Election	2.0698997917648447
presidential	2.0698997917648447
Central	2.0698997917648447
communist	2.0698997917648447
world's	2.069893783306339
pressing	2.069893783306339
treasure	2.069893783306339
tasks	2.0698687989785887
assume	2.0698687989785887
awarding	2.0698687989785887
Let	2.069825613259042
cup	2.069825613259042
round	2.069825613259042
deliberate	2.069825613259042
slimy	2.069825613259042
resurrection	2.069825613259042
studied	2.0698169240017887
Miloš	2.0698169240017887
links	2.0698169240017887
Ing	2.0698169240017887
Did	2.069780939549694
Co	2.069780939549694
kicked	2.069780939549694
Tamura	2.069761000156062
Instead	2.069761000156062
jokingly	2.0697610001560616
considers	2.0697454651626632
distress	2.0697454651626632
Bellavin	2.0697454651626632
Alekseyevich	2.0697390902248576
globalising	2.0697390902248576
monarchy	2.0697390902248576
forgiven	2.0697078989413065
Quran	2.069707898941306
agitation	2.069707898941306
basically	2.069686507847883
stolen	2.069686507847883
Rush	2.069686507847883
Portals	2.069678518056665
IF	2.069678518056665
D	2.069678518056665
LOSS	2.069678518056665
Selections	2.069678518056665
navigate	2.0696785180566644
overlap	2.0696785180566644
officer	2.069678019147179
Asker	2.069678019147179
coordinated	2.069678019147179
Sunni	2.069678019147179
scenes	2.0696656847403747
godliness	2.0696656847403747
sinking	2.0696656847403747
began	2.0696656847403747
level	2.0696656847403747
joined	2.0696656847403747
proceeded	2.0696656847403747
medico	2.0696428527373474
prévention	2.0696428527373474
respinti	2.0696428527373474
philosopher	2.0696428527373474
launched	2.0696428527373474
broken	2.069641923635384
probe	2.069641923635384
tradition	2.069641923635384
tensions	2.069641923635384
prolong	2.069641923635384
values	2.069641923635384
Relations	2.069639768613318
could	2.069639768613318
War	2.069639768613318
Centre's	2.069639768613318
multiple	2.0696397686133174
pays	2.0696397686133174
signals	2.0696124715486084
thru	2.0696124715486084
average	2.0696124715486084
Wonderworking	2.069608361016676
teaching	2.069605443090657
Fathausen's	2.069605443090657
notions	2.069605443090657
wars	2.069605443090657
rightfully	2.069578761197281
communities	2.069578761197281
Large	2.0695618856005296
community	2.0695618856005296
charge	2.0695618856005296
carry	2.0695618856005296
arrival	2.0695618856005296
sanity	2.069543530583616
PA	2.069543530583616
Paschal	2.069543530583616
contains	2.069532525350208
arise	2.069532525350208
neighbourly	2.069532525350208
absolute	2.069532525350208
improve	2.0695227723989102
punishing	2.0695227723989102
Moreover	2.0695227723989102
bribery	2.0695227723989102
IAEA	2.0695223952410067
ions	2.0695223952410067
Starting	2.0695223952410067
haven	2.0695223952410067
hydrogen	2.0695223952410067
operates	2.0695027152367493
code	2.0695027152367493
difficulty	2.0695027152367493
thereby	2.0695027152367493
identically	2.0695027152367493
Study	2.0695027152367493
caption	2.0695027152367493
ourselves	2.0695027152367493
clear	2.069488367318865
January	2.069488367318865
Judea	2.069488367318865
Falls	2.069488367318865
there	2.069488367318865
Galilee	2.069488367318865
roubles	2.069488367318865
falling	2.0694776881874652
complete	2.0694776881874652
workmates	2.0694776881874652
without	2.0694776881874652
believes	2.0694776881874652
Parish	2.069455079103357
category	2.0694548298194015
danger	2.0694548298194015
Pearl	2.0694548298194015
USS	2.0694548298194015
prison	2.0694520859233645
woke	2.0694520859233645
cops	2.0694520859233645
Panel	2.0694479496989637
accounts	2.0694479496989637
mandatory	2.0694479496989637
log	2.0694479496989637
ordaining	2.069416001601648
returning	2.069416001601648
bunch	2.0694160016016476
duck	2.069403028745297
dictatorial	2.069403028745297
bien	2.069403028745297
granting	2.0693975349419342
constantly	2.0693975349419342
offer	2.0693975349419342
several	2.0693975349419342
accelerate	2.0693975349419342
compromised	2.0693962382145594
Monastery	2.0693962382145594
due	2.0693962382145594
state	2.0693962382145594
spiritually	2.0693962382145594
atrocity	2.0693918585204547
compared	2.0693918585204547
soldier	2.0693918585204543
warfare	2.0693918585204543
spatial	2.0693888637299955
degree	2.0693888637299955
Delaunay	2.0693888637299955
strongly	2.0693888637299955
Matlab	2.0693888637299955
lidar	2.0693888637299955
usually	2.0693825708740263
consequently	2.069379285504823
jungle	2.069379285504823
validates	2.069379285504823
pack	2.069379285504823
wolf	2.069379285504823
Fidelity	2.069379134282091
Family	2.069379134282091
survey	2.069379134282091
Superjob	2.069379134282091
Yard	2.0693697624657887
unser	2.0693697624657887
Greyfriars	2.0693697624657887
Gladstone's	2.0693697624657887
green	2.0693697624657887
He's	2.0693679138961523
kid	2.0693679138961523
athlete	2.0693679138961523
Honoured	2.0693679138961523
Pie	2.0693661675135067
researchers	2.0693661675135067
tested	2.0693661675135067
curry	2.0693631834349704
Irkutsk	2.069362832376315
Bernardo	2.069362832376315
sector	2.0693609791326866
Basic	2.0693609791326866
Support	2.0693609791326866
General	2.0693609791326866
evaluation	2.0693609791326866
Invoice	2.0693609791326866
Suggestions	2.0693609791326866
dollars	2.0693606863453016
brass	2.069360686345301
Mizz	2.069360686345301
OVER	2.069360686345301
jurisdiction	2.0693433338922005
mention	2.0693433338922005
Infamy	2.0693433338922
S	2.0693433338922
Vorocheva	2.0693433338922
fast	2.0693433338922
movements	2.0693430995016353
added	2.0693430995016353
Army	2.0693430995016353
request	2.0693430995016353
associates	2.0693277564711052
discussed	2.0693277564711052
sickening	2.069306251119496
excoriating	2.069304873572044
habits	2.069304873572044
cast	2.069304873572044
Martyr	2.069304873572044
actions	2.0693033296672922
False	2.0693033296672922
apparatchiki	2.0693033296672922
lying	2.0693033296672922
jerk	2.0693033296672922
veracity	2.069303329667292
beneath	2.069287541399871
expect	2.069287541399871
Joe	2.069287541399871
beans	2.0692833834931648
honoured	2.0692833834931648
bonfire	2.0692833834931648
committed	2.0692833834931648
picture	2.0692818822925463
imaginar	2.0692818822925463
juntos	2.0692818822925463
otra	2.0692818822925463
Irwin	2.0692818822925463
Zombie	2.0692818822925463
Taleghani	2.0692818822925463
conciliation	2.0692818822925463
Hasid	2.0692733092937505
Have	2.0692733092937505
eyed	2.0692733092937505
Pass	2.0692733092937505
Happy	2.0692733092937505
fan	2.0692699192869943
Yeah	2.0692699192869943
definitely	2.0692699192869943
snob	2.0692699192869943
Anglicanism	2.0692691526518106
concept	2.0692691526518106
Easter's	2.0692691526518106
Medvedeva	2.0692691526518106
RIA	2.0692686471981165
created	2.0692686471981165
Synodal	2.0692686471981165
narration	2.0692686471981165
fervently	2.0692618177095037
manifest	2.0692618177095037
daughter	2.0692618177095037
fight	2.0692618177095037
fiction	2.0692618177095037
iniquitous	2.0692608929367644
mailed	2.0692608929367644
vacation	2.0692608929367644
abandon	2.0692608929367644
Webster	2.0692608929367644
appeal	2.069259726557518
operation	2.069259726557518
Kapral	2.069259726557518
rapidly	2.069259726557518
insulted	2.069254784649199
shocking	2.069254784649199
camera	2.069254784649199
independent	2.069254784649199
expansive	2.06924420900908
prized	2.06924420900908
Boulez	2.06924420900908
SPRAY	2.06924420900908
bigger	2.06924420900908
suite	2.06924420900908
montage	2.06924420900908
mythic	2.06924420900908
helicopter	2.0692438707315453
Remote	2.0692438707315453
Areas	2.0692438707315453
polling	2.0692438707315453
station	2.0692438707315453
deduced	2.0692430740405814
proceeds	2.0692430740405814
vision	2.0692430740405814
domes	2.0692422358766764
opinion	2.0692422358766764
Sugetsui's	2.0692397616200737
Shounens	2.0692397616200737
Tszyu	2.0692311885642414
workshop	2.0692311885642414
Eve	2.0692311885642414
Kenya	2.0692257741682933
jerks	2.0692257741682933
liars	2.0692257741682933
evening	2.069221490658004
V	2.069221490658004
Mood	2.069209467537347
enjoy	2.0692092717337496
renowned	2.0692092717337496
comprised	2.0692092717337496
Metro	2.069205309053258
Chechen	2.069205309053258
containment	2.069205309053258
locations	2.069205309053258
province	2.0692037400337013
reality	2.0692037400337013
Idlib	2.0692037400337013
defeating	2.0692037400337013
Laden	2.0692037400337013
country's	2.069203143868867
base	2.069203143868867
cosmopolite	2.069203143868867
eat	2.069203143868867
blindsided	2.06919914029297
Global	2.06919914029297
fanatic	2.06919914029297
Dulles	2.06919914029297
Gonna	2.06919914029297
Georgia	2.0691910792939474
suppression	2.0691910792939474
Czechs	2.0691910792939474
nationhood	2.0691910792939474
IGNORED	2.0691910792939474
rights	2.0691910792939474
Precursor	2.069175196095424
Just	2.069175196095424
Meyendorff	2.069175196095424
abysmal	2.069172754679284
Most	2.069172754679284
Alexander	2.0691722886434336
William	2.0691722886434336
hills	2.069172288643433
keepsake	2.0691717324888916
fools	2.0691717324888916
Badanov	2.0691717324888916
archdioceses	2.0691717324888916
visited	2.069171732488891
TMA	2.0691678907361553
prefers	2.0691678907361553
welfare	2.0691678907361553
vitamins	2.069158119744768
E	2.069158119744768
suggest	2.069158119744768
if	2.069158119744768
cool	2.069158119744768
settings	2.069158119744768
help	2.06915412167361
Sviridov	2.06915412167361
partners	2.06915412167361
Basıldı	2.0691532690660654
varies	2.0691532690660654
streams	2.0691532690660654
Seas	2.0691532690660654
visit	2.0691532690660654
sustain	2.0691532690660654
highlights	2.0691532690660654
billionaire	2.069151153182788
Posing	2.069151153182788
ships	2.0691471646938684
London	2.0691471646938684
newspaper	2.0691471646938684
response	2.069145865145842
promote	2.069145865145842
Akihito	2.069145865145842
serves	2.069145865145842
HH	2.069145865145842
veto	2.069144361237739
advisers	2.069144361237739
policies	2.069144361237739
forestall	2.0691440165521144
Jacobses	2.0691440165521144
Life	2.0691440165521144
Paul	2.0691381068300942
loud	2.0691381068300942
exorbitantly	2.0691381068300942
sum	2.0691381068300942
ending	2.0691328626946732
VA	2.069126456804937
Stop	2.069116642345703
unpleasant	2.069116642345703
intimately	2.069116642345703
represents	2.069116642345703
fix	2.069116545199205
amazing	2.069116545199205
coordination	2.069116545199205
tunnel	2.069113225459191
robbed	2.069113225459191
darkness	2.069113225459191
Human	2.069113225459191
noisy	2.069113225459191
Kharlamov	2.069102828296731
story	2.069102828296731
perhaps	2.069099115874153
nonsense	2.0690969180111987
stock	2.0690969180111987
warrant	2.069096918011198
sole	2.0690913200471157
flamingoes	2.0690913200471157
buzz	2.0690913200471157
Hillary	2.0690799384990233
brutally	2.0690799384990233
replied	2.0690799384990233
insensible	2.0690799384990233
Broadcast	2.069078747027167
protocol	2.069078747027167
practices	2.069078747027167
NECESSARY	2.069078747027167
affects	2.069078747027167
perl	2.069078747027167
energy	2.0690781403811966
grossly	2.0690781403811966
punk	2.069078140381196
hegemonising	2.0690750374039415
launch	2.0690750374039415
Mohammed	2.0690734280758583
Islamic	2.0690734280758583
hangman	2.069073428075858
link	2.0690711356906073
partially	2.0690711356906073
King's	2.0690667991105443
Season	2.0690667991105443
Archimandrite	2.069062607159788
Washington	2.069062607159788
Beck	2.0690595307536284
picked	2.0690595307536284
Party's	2.0690595307536284
option	2.0690595307536284
thirty	2.0690595307536284
forced	2.06905905973289
Lest	2.06905905973289
Polish	2.06905905973289
attractive	2.0690587848753093
Blessed	2.0690587848753093
Glass	2.0690587848753093
Their	2.0690587848753093
theoretical	2.069058784875309
responsibly	2.069056528303489
anthem	2.069056528303489
All	2.0690533263280013
noted	2.0690533263280013
extremist	2.0690533263280013
Note	2.0690533263280013
mill	2.06905149577758
blogs	2.06905149577758
Guide	2.06905149577758
appealing	2.06905149577758
emphasised	2.0690514411852456
crossed	2.0690514411852456
everybody	2.0690514411852456
songs	2.0690514411852456
Subsequently	2.0690514411852456
apples	2.0690514411852456
variation	2.069049634688495
SAVAK	2.069049634688495
taken	2.069048925146231
almost	2.069048925146231
margin	2.069048925146231
networks	2.069048925146231
half	2.069048925146231
told	2.0690489251462307
missionary	2.0690482630181717
throats	2.0690482630181717
Invisible	2.0690482630181712
beehives	2.069046352012613
filled	2.069046352012613
consumers	2.069046352012613
add	2.069046352012613
odour	2.069046352012613
sent	2.0690454224606074
mail	2.069045422460607
Ozarks	2.069045422460607
holiday	2.069045422460607
depths	2.069045422460607
Prophet	2.0690449118290446
DOS	2.0690449118290446
opposite	2.0690449118290446
brats	2.0690449118290446
fathers	2.0690449118290446
synch	2.0690449118290446
Velencia	2.069042120688179
consider	2.069042120688179
threatening	2.069042120688179
hierarch	2.069042120688179
defines	2.069039691611512
years	2.069039691611512
Lambrinidis	2.069039691611512
change	2.069039691611512
repeat	2.0690349138046713
guarantee	2.0690349138046713
Mostly	2.0690349138046713
discos	2.0690349138046713
realised	2.0690349138046713
gives	2.0690349138046713
unrest	2.0690312948078464
USA	2.0690312948078464
throughout	2.0690312948078464
Assad	2.0690312948078464
Libya	2.0690312948078464
occurred	2.069028711916667
total	2.069028711916667
airliners	2.069028711916667
hijacked	2.069028711916667
Fahrenheit	2.0690270880874913
warn	2.0690270880874913
schauspieler	2.0690270880874913
autumn	2.0690270880874913
Over	2.0690270880874913
Tomenko	2.0690167774131276
overconsumption	2.0690167774131276
disinformatsiya	2.0690167774131276
religion	2.0690167774131276
cutting	2.0690167774131276
Handmaid	2.069009152828479
Doctrine	2.069009152828479
wedlock	2.069009152828479
Slyshit	2.0690090311693567
Derzhavin	2.0690090311693563
federal	2.069003246495231
thickness	2.069003246495231
saint	2.069003246495231
Speaker	2.0690032464952304
video's	2.069001872355382
definitively	2.0690018723553814
heads	2.0690018723553814
radical	2.069001399662282
FAR	2.0690013996622816
count	2.0690013996622816
enormities	2.068999229705128
Limbaugh	2.0689991255402562
gave	2.0689991255402562
Jack	2.0689991255402562
choice	2.0689991255402562
claim	2.0689991255402562
rightwing	2.068999125540256
Battalion	2.068998749778517
disgraceful	2.068998749778517
agreed	2.0689984554027365
verge	2.068998455402736
compliant	2.0689978725042124
descend	2.0689978725042124
ignorant	2.0689951269544595
diseased	2.0689951269544595
posturing	2.0689949814745745
negotiated	2.0689949814745745
Palin	2.0689949814745745
squabbling	2.068987817375562
aimed	2.068987817375562
propel	2.068987817375562
Temple	2.068987817375562
charismatic	2.068987817375562
Parks	2.068987817375562
connected	2.068986201175898
forcefully	2.0689862011758975
temporarily	2.0689862011758975
external	2.0689862011758975
removed	2.0689862011758975
local	2.0689861570610146
blink	2.0689861570610146
cancel	2.0689847218244277
roaring	2.0689847218244277
feet	2.0689847218244277
temperatures	2.0689847218244277
villages	2.0689847218244277
Weather	2.0689847218244277
Alfeyev	2.0689822415977313
assurances	2.0689822415977313
stories	2.0689819485725547
hero	2.0689819485725547
chubby	2.0689819485725547
kilogrammes	2.068972782561731
ornament	2.068972782561731
copy	2.068972782561731
democracy	2.0689717091314943
truth	2.0689717091314943
Americans	2.0689717091314943
warmongering	2.0689717091314943
Syria	2.0689717091314943
Change	2.0689717091314943
schismatics	2.0689680841956517
riddance	2.0689680841956517
Konvertsy	2.0689680841956517
furrow	2.0689680841956517
Queen	2.068967815889413
Walker's	2.068967815889413
generally	2.0689667783111085
Christina	2.0689667783111085
lunch	2.0689667783111085
Riverfront	2.0689667783111085
Peterson	2.0689667783111085
Dupont	2.0689667783111085
Friday	2.0689667783111085
snout	2.0689635317600485
Winnie	2.0689635317600485
aardvark	2.0689635317600485
Pooh	2.0689635317600485
bring	2.0689635317600485
animal	2.0689635317600485
Pukh	2.0689635317600485
Department	2.0689635317600485
winked	2.068962094272712
Terrorists	2.068962094272712
redneck	2.068962094272712
mostly	2.068962094272712
Establishment	2.068962094272712
intemperate	2.0689616464787903
Armenia	2.0689616464787903
devoted	2.0689616464787903
bonds	2.068958457343267
vitality	2.068958457343267
Hotchkiss	2.068958457343267
exceptionalism	2.068958457343267
institutions	2.068958457343267
Thesis	2.068958457343267
approve	2.0689560643635065
rotted	2.0689560643635065
HOOMie	2.0689560643635065
band	2.0689560643635065
Evangelical	2.0689560643635065
watering	2.0689560643635065
school	2.068954685209724
remember	2.068954685209724
paperback	2.0689546852097234
Aldiko	2.0689546852097234
arrangements	2.068953812628445
combat	2.068953812628445
coddle	2.068953812628445
administrative	2.068953812628445
involvement	2.0689536653656626
process	2.0689536653656626
inheritance	2.068953156325051
struggled	2.0689531563250507
Gut	2.0689531563250507
Merkel	2.0689531563250507
Simulation	2.0689531563250507
immediately	2.068951361141377
Strasbourg	2.068951361141377
crooner	2.068951361141377
Service	2.068951361141377
heeled	2.068951361141377
hedging	2.068951117598852
coherent	2.068951117598852
formulate	2.068951117598852
default's	2.068950955989142
Mohamed	2.068950955989142
wife	2.0689473711995374
Twitter	2.0689473711995374
Barack	2.0689473711995374
post	2.0689473711995374
Obama	2.0689473711995374
US	2.0689473711995374
employees	2.0689466864748294
shots	2.0689466864748294
trade	2.068946686474829
workers	2.068946686474829
blesses	2.068945342757271
Asian	2.068945342757271
die	2.068945342757271
statuary	2.0689453427572704
monuments	2.0689453427572704
Bäckman	2.0689431458039595
hundreds	2.0689431458039595
HMO	2.0689403950770133
starkly	2.0689403950770133
Cosmillo's	2.0689403950770133
Schools	2.0689403950770133
Svetlana	2.06893952067696
currency	2.06893952067696
supposed	2.06893952067696
Nevolin	2.06893952067696
Jonah	2.068935538255417
Melchizadek	2.068935538255417
Nathaniel	2.068935538255417
ocanews	2.068935538255417
Garklavs	2.068935538255417
Mo	2.068933761582822
sockdolager	2.0689336520065535
biters	2.0689336520065535
tricks	2.0689336520065535
enough	2.0689336520065535
Parma's	2.0689336520065535
given	2.0689336520065535
wordplays	2.068933608028299
retarded	2.068933608028299
sexuality	2.068933608028299
Impressionists	2.0689246883209624
UN	2.0689246883209624
raw	2.0689244867971093
Prime	2.0689244867971093
consequence	2.0689244867971093
Administration	2.0689244867971093
setup	2.0689178930771788
Girls	2.0689165084019145
over	2.068916508401914
Hitler	2.0689154010207877
lights	2.0689154010207877
conjunction	2.0689151043982026
trades	2.0689151043982026
union	2.0689151043982026
Kremlin	2.0689151043982026
State	2.0689151043982026
Time	2.0689151043982026
Kirill	2.0689151043982026
civilisations	2.0689147724150705
food	2.0689147724150705
compassion	2.0689147724150705
another	2.0689147724150705
freedom	2.0689147724150705
control	2.0689147724150705
unlikely	2.0689117436891142
backblast	2.0689117436891142
monopolise	2.0689117436891142
escapades	2.0689038416421024
sordid	2.0689038416421024
shitcan	2.0689038416421024
Virginia	2.068903841642102
Friend	2.068903841642102
Bluemntritt	2.068903841642102
venture	2.068899602894359
modest	2.0688996028943585
modern	2.0688996028943585
possibilities	2.0688996028943585
reduced	2.0688996028943585
assumption	2.0688996028943585
compositions	2.068895397145125
Stalin's	2.068895397145125
husband	2.068895397145125
sleeping	2.068895397145125
colour	2.068895397145125
Industrial	2.068892248136431
understanding	2.0688922481364305
knowledge	2.0688922481364305
modular	2.0688922481364305
program	2.0688922481364305
property	2.068891153183632
pals	2.068891153183632
chugging	2.068891153183632
resolution	2.068891153183632
kafuffle	2.068891153183632
bowing	2.068891153183632
weapon	2.068889883478991
unwise	2.068889883478991
ruling	2.068886008086169
insisted	2.068886008086169
Koštunica	2.068886008086169
positions	2.068886008086169
Dačić	2.068886008086169
Kustunica's	2.068886008086169
reforms	2.0688856168471403
Bashar	2.0688856168471403
Head	2.0688856168471403
tribal	2.0688856168471403
sisterhood	2.068881534889768
championing	2.0688815348897673
GASP	2.0688815348897673
Nesterov	2.0688815348897673
Princess	2.0688815348897673
Marfa	2.0688815348897673
purse	2.0688781988872385
portrayed	2.0688781988872385
popular	2.0688781988872385
Shimizu	2.0688781988872385
kitty	2.0688781988872385
United	2.0688781988872385
yeah	2.068878198887238
published	2.0688773815390005
taught	2.0688773815390005
tongues	2.0688773815390005
youth	2.0688773815390005
writing	2.0688694407331374
dull	2.0688694407331374
resource	2.0688694407331374
catching	2.0688694407331374
Muscovy	2.0688694407331374
rule	2.0688694407331374
nuqneH	2.0688647123408623
Machine	2.0688647123408623
Hamlet	2.0688647123408623
Undiscovered	2.0688647123408623
quick	2.0688647123408623
pockets	2.0688627740730965
oppressors	2.0688627740730965
dogs	2.0688627740730965
Russophile	2.0688627740730965
Path	2.0688627740730965
KdF	2.068862677127394
issued	2.068862677127394
regulation	2.068862677127394
suits	2.068862677127394
flowing	2.068862677127394
Patriot	2.068862677127394
positively	2.0688624803408793
unhelpful	2.0688624803408793
Commit	2.068862480340879
stripes	2.068861713289931
skin	2.068861713289931
thief	2.068861713289931
calculate	2.068861713289931
value	2.068861713289931
liberalism	2.068861713289931
brighter	2.0688578472666155
metallic	2.068857847266615
forward	2.068857847266615
embellishments	2.068857847266615
SVS	2.068853685128364
interface	2.068853685128364
award	2.068853685128364
spoken	2.0688536851283637
wind	2.0688536851283637
motto	2.068853156517023
Ayn	2.068853156517023
Heroes	2.068853156517023
turmoil	2.068853156517023
underpaying	2.0688422025103366
Serbia	2.0688422025103366
preliminary	2.0688422025103366
Almighty	2.0688400382824046
agrees	2.0688400382824046
illnesses	2.068839222079326
medicine	2.068839222079326
Until	2.0688352643919004
marks	2.0688352643919004
reawakening	2.068832020673602
survival	2.068832020673602
rationalize	2.068832020673602
brethren	2.0688305177804214
monsters	2.0688305177804214
Province	2.0688305177804214
biofuels	2.0688305177804214
Semitic	2.068829442406621
persecution	2.068829442406621
prime	2.068829442406621
contain	2.068829442406621
Bolsheviks	2.068829442406621
Representation	2.068826609477732
Donau	2.0688243936608863
waltz	2.0688243936608863
Danube	2.0688243936608863
activity	2.0688210181016435
crowned	2.0688210181016435
eight	2.0688210181016435
unrecognised	2.068821018101643
pressure	2.068821018101643
seriously	2.068821018101643
please	2.068821018101643
logo	2.0688206685909085
actively	2.0688206685909085
establish	2.0688206685909085
Sergei	2.0688206685909085
canvass	2.0688206685909085
headquarters	2.0688206685909085
basketball	2.068818982514602
Olympic	2.068818982514602
slots	2.068818982514602
priesthood	2.068818982514602
extremely	2.068818982514602
sees	2.068818982514602
Layer	2.0688169916234393
DPKG	2.0688169916234393
alternative	2.0688169916234393
Method	2.0688169916234393
Detailed	2.0688169916234393
UNLESS	2.0688169916234393
networkchemistry	2.0688169916234393
alerts	2.0688169916234393
Code	2.068814087273918
classified	2.0688140872739176
useful	2.0688050927771293
traumatic	2.0688050927771293
Baghdad	2.068805092777129
gravest	2.068805092777129
Here's	2.068804962699878
Shows	2.068804962699878
WHUP	2.068804962699878
questions	2.0688049626998777
Worth	2.0688049626998777
especially	2.0688018138733577
agenda	2.0688018138733577
signs	2.0688018138733577
maintain	2.0688018138733577
sisters	2.068801799952949
bless	2.068801799952949
Angel	2.0688017999529484
Sisters	2.0688017999529484
UEFA	2.068794507949832
aspire	2.0687859255400274
Reuters	2.0687859255400274
Hitler's	2.0687859255400274
Oddbod	2.068781122924124
Hard	2.068781122924124
deserves	2.068781122924124
mingling	2.068781122924124
nicht	2.068781122924124
Paffhausen's	2.068781122924124
Snegurochka	2.0687803309603585
Veliki	2.0687803309603585
Federation	2.0687803309603585
Listen	2.0687803309603585
unkind	2.068779389574941
our	2.068779389574941
react	2.068779389574941
Edifying	2.068775294420285
intelligent	2.068773778104
profanation	2.068766838606395
sword	2.068766838606395
choir	2.068766838606395
guarantees	2.0687626593119743
corporate	2.0687626593119743
nihilist	2.0687626593119743
amicable	2.0687626593119743
waited	2.0687494575742735
been	2.0687494575742735
bleats	2.0687494575742735
here's	2.0687494575742735
dinero	2.0687494575742735
restoration	2.0687494575742735
vigilant	2.068747253315372
accused	2.0687472533153715
indigenous	2.0687472533153715
censorship	2.0687472533153715
overbake	2.0687443116468214
Somehow	2.0687443116468214
shape	2.0687443116468214
stinking	2.0687443116468214
hair	2.0687443116468214
gerontology	2.068743997999203
Seversky	2.068743997999203
song	2.068743997999203
Let's	2.068743997999203
Mariupol	2.068743997999203
Primorsky	2.068743997999203
KDA	2.068743997999203
ward	2.068743997999203
historians	2.0687429417871277
canonisation	2.0687429417871277
Galicians	2.0687429417871277
shall	2.0687429417871273
philologists	2.0687429417871273
workplace	2.0687379407267446
blue	2.0687379407267446
stations	2.0687357843170147
discuss	2.0687357843170147
Notes	2.0687236592723153
secured	2.0687236592723153
Incorrect	2.0687236592723153
location	2.0687236592723153
listings	2.0687236592723153
coffee	2.0687236592723153
Mitigation	2.0687236592723153
uniquely	2.0687236592723153
revolutionary	2.068722268510862
Father	2.068722268510862
eligible	2.068722268510862
greet	2.068722268510862
trailer	2.068722268510862
Martyrs	2.0687218643265717
Mensheviki	2.0687218643265717
regicide	2.0687218643265717
survived	2.0687218643265717
learn	2.0687214469573436
Themebuilder	2.0687214469573436
detail	2.0687214469573436
Grew	2.0687214469573436
Thank	2.0687214469573436
minded	2.0687214469573436
inside	2.0687214469573436
musicians	2.0687154202595712
pianistic	2.068715420259571
Conservatory	2.068715420259571
ended	2.0687098120633656
necessary	2.0687098120633656
advancement	2.0687098120633656
Investigation	2.0687098120633656
sweeping	2.0687082149005938
Pollack	2.0687082149005938
hasn	2.0687082149005938
Canada	2.0687082149005938
spades	2.0687082149005938
effort	2.0687082149005938
reluctant	2.0687082149005938
provides	2.0687052188592845
Eco	2.0687052188592845
high	2.0687052188592845
spontaneous	2.0687052188592845
facilitation	2.0687052188592845
applied	2.0687052188592845
production	2.0687052188592845
products	2.068703982678988
Past	2.068703982678988
finally	2.068703982678988
town	2.068703982678988
simplify	2.068703982678988
Street	2.068703982678988
reiterated	2.0687007144985103
heavier	2.0687007144985103
hardened	2.0687007144985103
righteously	2.0687007144985103
also	2.06870071449851
Sultan	2.06870071449851
array	2.06870071449851
unforgivable	2.068698410770627
disagree	2.0686984107706268
flock	2.0686984107706268
Surgeon	2.0686984107706268
secondary	2.0686951430293776
eastern	2.0686951430293776
schools	2.0686951430293776
Gogolevsky	2.0686928907895927
millennia	2.0686928907895927
gays	2.0686928907895927
Maru	2.068681529303736
recover	2.068681529303736
beached	2.068681529303736
Miyagi	2.068681529303736
long	2.068681529303736
lunatics	2.068681529303736
Church's	2.0686748870166873
anybody	2.0686748870166873
Jonas	2.0686748870166873
street	2.0686691636877157
Essay	2.0686691636877157
down	2.0686691636877157
uninsured	2.0686691636877157
MiG	2.0686691636877157
Ivanovo	2.0686691636877157
manoeuvres	2.0686691636877157
study	2.0686691636877157
stonewalling	2.068655615288455
crudely	2.068655615288455
Surfer	2.068655615288455
romance	2.068653543164955
familiar	2.068653543164955
hunters	2.068653543164955
lament	2.068653543164955
Shaped	2.068653543164955
cards	2.068653543164955
texts	2.068653543164955
fellows	2.068653543164955
portal	2.068650243874787
Siberia	2.068650243874787
phenomenon	2.068649971859988
Mind	2.068649971859988
fury	2.068649971859988
casus	2.068649971859988
museum	2.068638259666567
annals	2.068638259666567
swinging	2.068637022891757
store	2.068637022891757
eyes	2.068637022891757
Dream	2.0686370228917568
Coretta	2.0686370228917568
particularly	2.068636064857175
Scholars	2.068636064857175
hunted	2.068636064857175
standards	2.068636064857175
moderate	2.068636064857175
Hussars	2.068636064857175
boat	2.068636064857175
cuts	2.0686320431115757
fees	2.0686320431115757
sink	2.0686320431115757
relatively	2.0686287727511736
seemed	2.0686287727511736
unemployment	2.0686287727511736
faces	2.0686287727511736
pursue	2.0686287727511736
center	2.068619985880022
bloomed	2.068619985880022
Wild	2.068619985880022
Lily	2.068619985880022
Annual	2.068619985880022
winter	2.0686198295109595
capital	2.068619829510959
chemicals	2.068619829510959
Public	2.068619829510959
dangerous	2.068619829510959
streets	2.068619829510959
Deputy	2.068619829510959
abuse	2.0686129948376304
triumphant	2.0686129948376304
adorn	2.0686129948376304
admonitions	2.0686129948376304
organisations	2.0686129948376304
follows	2.068609032571595
creates	2.068609032571595
architecture	2.068609032571595
nifty	2.068609032571595
returns	2.068609032571595
Output	2.0685993449189617
ports	2.0685993449189617
O	2.0685993449189617
controlled	2.0685993449189617
Up	2.0685993449189617
Finish	2.0685993449189617
important	2.0685993449189617
Artistic	2.0685993449189617
Blasphemous	2.0685972619197273
Steele's	2.0685972619197273
Ryan	2.0685972619197273
failure	2.0685972619197273
thing's	2.068597261919727
honourable	2.068597261919727
skulking	2.068597261919727
Verbatim	2.068592933060544
Previous	2.068592933060544
cause	2.068592933060544
pipelining	2.068592933060544
backers	2.068586939035305
fancy	2.068586939035305
boys	2.068586939035305
Muammar	2.068575370716553
sanctions	2.0685753707165526
electrified	2.0685717804886865
Lavrosky	2.0685717804886865
Principles	2.0685677466806363
wage	2.0685677466806363
officials	2.0685646082283418
attackers	2.0685646082283418
notion	2.0685646082283418
page	2.0685646082283418
salon	2.0685646082283418
Bahwalpur	2.0685646082283418
Ahmadi	2.0685646082283418
wonder	2.0685622415833627
Web	2.068562241583362
interesting	2.068562241583362
CHEEK	2.068562241583362
Israeli	2.068562241583362
India	2.0685599857729167
Devastating	2.0685599857729167
globe	2.0685599857729167
Whenever	2.0685599857729167
Thus	2.0685599857729167
volume	2.0685599857729167
remembered	2.0685517154806536
crammed	2.068551715480653
computers	2.068551715480653
Mass	2.068551715480653
PCs	2.068551715480653
automatically	2.068551715480653
waters	2.068543393953076
physician	2.068543393953076
Ronnie	2.068543393953076
establishing	2.068543393953076
According	2.0685384723460998
scientists	2.0685384723460998
Julius	2.0685384723460998
images	2.0685384723460998
wetlands	2.0685384723460998
satellite	2.0685384723460998
Sounds	2.0685378329633926
describing	2.0685378329633926
four	2.0685378329633926
Souls	2.0685378329633926
double	2.0685378329633926
Indigo	2.0685378329633926
tracks	2.0685378329633926
Amir	2.06853433462435
religiosity	2.06853433462435
centres	2.06853433462435
stages	2.06853433462435
kilometres	2.06853433462435
evangelical	2.0685337237992947
militant	2.0685337237992947
guts	2.068531303098268
Bosak	2.068531303098268
leaving	2.0685313030982675
north	2.0685313030982675
trophies	2.0685313030982675
undo	2.0685313030982675
Owner	2.0685289627472474
distinguished	2.0685289627472474
APs	2.0685289627472474
disciplined	2.0685289627472474
Core	2.0685289627472474
platform	2.0685289627472474
MB	2.0685233653064237
pcspeaker	2.0685233653064237
LVM2	2.0685233653064237
er	2.0685233653064237
remaining	2.0685233653064237
aspects	2.0685233653064237
smoothly	2.0685233653064237
tidy	2.0685233653064237
Step	2.068519696014397
grip	2.068519696014397
arrant	2.068519696014397
reports	2.0685158834981587
November	2.0685158834981587
judicial	2.0685158834981587
Terrible	2.0685158834981587
southern	2.0685158834981587
pending	2.0685158834981587
Entry	2.0685158834981587
dining	2.0685158834981587
northeast	2.0685092777087064
baseball	2.0685092777087064
boiled	2.0685092777087064
contrary	2.0685092777087064
Borzhomi	2.0685092777087064
rooting	2.0685092777087064
culprit	2.0685092777087064
Methods	2.0685063967288175
requirement	2.0685063967288175
encouraged	2.0685063967288175
require	2.0685063967288175
receivables	2.0685063967288175
Explanations	2.0685063967288175
ad	2.068498227030759
IDs	2.068498227030759
others	2.068498227030759
traditional	2.068498227030759
zones	2.068498227030759
Install	2.068498227030759
Putin's	2.0684907618883703
Islamism	2.0684907618883703
wearing	2.0684907618883703
thoughtful	2.068485691445296
election	2.068485691445296
Put	2.068485691445296
perspiration	2.068485691445296
panel	2.068485691445296
smartest	2.068485691445296
computes	2.068485691445296
OS	2.068485691445296
works	2.0684842350311
Pushkin	2.0684842350311
Rudolf	2.0684842350311
awarded	2.0684842350311
Medal	2.0684842350311
scholar	2.0684842350311
Pasternak	2.0684842350311
rejoice	2.068483896428323
boast	2.068483896428323
inspection	2.068483896428323
Hungarian	2.0684838964283228
Albanians	2.0684808928910985
Tuesday	2.0684808928910985
Germany	2.0684808928910985
closes	2.0684808928910985
symphonies	2.0684808928910985
alter	2.0684781658028775
Would	2.0684781658028775
GMT	2.0684781658028775
represent	2.0684781658028775
awesome	2.0684781658028775
reside	2.0684781658028775
Greeks	2.0684781658028775
WW2	2.0684781658028775
claiming	2.0684703258503965
capoeira	2.068467743376757
Paes	2.068467743376757
Shirley	2.068467743376757
guys	2.068467743376757
Iran	2.068467743376757
unfolded	2.068467743376757
Iggy	2.06845779057596
Sobor	2.06845779057596
C	2.06845779057596
Search	2.06845779057596
OH	2.06845779057596
chancellor	2.068451452456949
Detroit	2.068451452456949
born	2.068451452456949
resigned	2.068451452456949
deteriorated	2.068451452456949
locum	2.068451452456949
suffering	2.068451452456949
Greece	2.068451452456949
национальной	2.06843965533621
foundation	2.06843965533621
relaunched	2.0684213033815664
Outcry	2.0684213033815664
identities	2.0684213033815664
employer	2.0684213033815664
aim	2.0684213033815664
Watch	2.0684213033815664
tale	2.0684213033815664
Denying	2.0684213033815664
doctoral	2.0684213033815664
nations	2.068398472485294
politicians	2.068398472485294
leader	2.068398472485294
mechanism	2.068398472485294
States	2.068398472485294
consolidated	2.068398472485294
Azerbaijan	2.068398472485294
worked	2.068397531131608
Stephen's	2.068397531131608
favorites	2.068397531131608
feel	2.068397531131608
elsewhere	2.068397531131608
virtuoso	2.068397531131608
einziger	2.068397531131608
appearance	2.0683930660359726
September	2.0683930660359726
sabre	2.068393066035972
Banner	2.068393066035972
vehicles	2.068393066035972
lamented	2.068393066035972
wounded	2.068393066035972
Declaration	2.068392591932328
Moonshiners	2.068392591932328
CFR	2.068392591932328
everything	2.0683925919323274
sacramental	2.0683925919323274
concelebrated	2.0683925919323274
resign	2.0683925919323274
glaring	2.0683925919323274
interred	2.068374676190521
summit	2.068374676190521
evade	2.0683688321557736
Moscow's	2.0683688321557736
good	2.0683688321557736
unilateral	2.0683688321557736
near	2.0683688321557736
deployments	2.0683688321557736
ballistic	2.0683688321557736
foolish	2.0683645387180927
himself	2.0683645387180927
these	2.0683645387180927
charity	2.0683645387180927
Gehinnom	2.0683645387180927
difference	2.0683645387180927
turbulent	2.068360819985085
someone's	2.0683608199850845
fray	2.0683608199850845
tee	2.0683608199850845
democracies	2.068354184071957
artillery	2.068354184071957
lifting	2.068354184071957
thorough	2.0683459833378555
Open	2.0683459833378555
analyze	2.0683459833378555
meso	2.0683459833378555
Maryland	2.0683459833378555
Modelling	2.0683459833378555
chilled	2.0683459833378555
Thessaloniki	2.0683459833378555
captured	2.0683459833378555
newlyweds	2.068334808716092
Roman	2.068334808716092
should	2.068334808716092
stretched	2.068334808716092
clericalists	2.068334808716092
doings	2.068334808716092
facet	2.068334808716092
cat	2.0683312737042314
debt	2.0683204323594713
leading	2.0683204323594713
S&P	2.0683204323594713
inability	2.0683204323594713
damage	2.0683204323594713
fulfil	2.0683204323594713
scenario	2.0683204323594713
might	2.0683204323594713
intestine	2.068317366076381
fried	2.068317366076381
mushy	2.068317366076381
pepper	2.068317366076381
assam	2.068317366076381
Ok	2.068317366076381
feels	2.068317366076381
Rybinsk	2.0683148973004535
Airline	2.0683148973004535
Monomahkos	2.0683148973004535
rough	2.0683148973004535
largely	2.068311836104148
tacit	2.068311836104148
setting	2.068311836104148
component	2.068311836104148
Cities	2.068311836104148
reflected	2.068311836104148
proper	2.068311836104148
missiles	2.068309782927796
ground	2.068309782927796
judgements	2.068309782927796
imagine	2.068307800775165
frightening	2.068307800775165
neo	2.068307800775165
martyrs	2.068296890018502
fits	2.068296890018502
sacrifices	2.068296890018502
enrichment	2.0682899477112784
consensual	2.0682899477112784
pretence	2.0682899477112784
genuine	2.068281027672159
earnings	2.068281027672159
scenarios	2.068281027672159
regretful	2.068281027672159
visible	2.068263659834338
trumpeted	2.0682636598343374
Swimmer	2.0682501163704297
PhD	2.0682501163704297
Every	2.0682501163704297
scratch	2.0682501163704297
Fencing	2.0682501163704297
Markarova	2.0682289375302716
excited	2.0682289375302716
Roxburgh	2.0682289375302716
clocked	2.0682289375302716
Sofía	2.0682289375302716
periods	2.068228761853106
reconciliation	2.068228761853106
realities	2.068228761853106
calmly	2.068219745943877
Nick	2.068219745943877
Leninism	2.0682068670285307
brutalising	2.068197753643326
Ritualists	2.068197753643326
Strange	2.068197753643326
bulk	2.0681892513336453
districts	2.0681892513336453
greedily	2.068180048472011
caste	2.068180048472011
Hooray	2.068175396993932
cultural	2.068175396993932
Tomislav	2.068175396993932
theories	2.068175396993932
Rather	2.068175396993932
rap	2.06816935728373
adherents	2.06816935728373
troubles	2.06816935728373
Seaford	2.06816935728373
banknotes	2.068159909987196
Dickie's	2.068159909987196
Panic	2.068159909987196
concelebrate	2.068159909987196
slow	2.068159909987196
devalued	2.068159909987196
address	2.0681588823738903
Arbat	2.0681588823738903
wallets	2.0681523821235013
CUT	2.0681523821235013
notional	2.0681523821235013
ruthless	2.0681523821235013
definition	2.068149263985397
fulla	2.068149263985397
imagined	2.068149263985397
maturity	2.068149263985397
cynical	2.068149263985397
transgression	2.0681397562155315
waging	2.0681397562155315
fought	2.0681397562155315
unrepentant	2.0681397562155315
Behr	2.0681376917511485
Consul	2.0681376917511485
calculated	2.0681344484031414
provisional	2.0681344484031414
supplemental	2.0681344484031414
principles	2.0681344484031414
Display	2.0681344484031414
thanked	2.068134094888165
Governor	2.068134094888165
JP	2.068134094888165
minions	2.068134094888165
losses	2.068134094888165
Student	2.068134094888165
cars	2.068128206990272
Elk	2.068128206990272
seas	2.068128206990272
wander	2.068128206990272
measures	2.068121796478447
retired	2.068121796478447
exchange	2.068121796478447
Boris	2.068121796478447
Foley	2.068121796478447
accumulated	2.0681205856292633
Electronics	2.0681205856292633
analogy	2.0681205856292633
contracts	2.068116372635025
Stumpy's	2.068116013161023
authentic	2.068116013161023
registration	2.068116013161023
Victoria	2.068116013161023
insurance	2.068115471744504
ideas	2.068115471744504
agnostic	2.068115471744504
estimates	2.068115471744504
Frank	2.068115471744504
discussion	2.068115471744504
interested	2.068115471744504
Saliba	2.068115471744504
accusation	2.068115190046565
ambassador	2.0681139323023485
spiff	2.0681139323023485
Elders	2.0681139323023485
Anaheim	2.0681139323023485
Serapion's	2.0681139323023485
attended	2.0681139323023485
commission's	2.068104388211659
Speak	2.068104388211659
directing	2.068104388211659
management	2.068104388211659
global	2.0681015065206982
Matthews	2.0681015065206982
Sistema	2.0681015065206982
uestlove	2.0681015065206982
applicants	2.0681015065206982
Order	2.0681015065206982
extensive	2.0681015065206982
Maksimovich	2.068095033979332
tanks	2.06809345096733
listen	2.06809345096733
radicalise	2.06809345096733
Rich	2.06809345096733
Shamelessly	2.06809345096733
Branch	2.06809345096733
demonstrations	2.06809345096733
managerial	2.068091271609113
nondurable	2.068091271609113
Overview	2.068091271609113
Mertvye	2.068085727437473
opportunity	2.0680857274374724
Holland	2.0680857124980694
programs	2.0680857124980694
Nielsen	2.0680857124980694
Flemish	2.0680857124980694
exhibitions	2.0680857124980694
unreported	2.068085531355147
Raising	2.068082355710308
Basilica	2.068082355710308
Blood	2.068082355710308
Autonomous	2.068082355710308
Nuova	2.068082355710308
Maria	2.068082355710308
na	2.068082355710308
Spilt	2.068082355710308
Unia	2.0680800785629123
Mstislav	2.0680800785629123
Silenced	2.0680800785629123
Talerhof	2.0680800785629123
Conservative	2.0680800785629123
CIS	2.0680800785629123
martyr	2.068080078562912
intention	2.0680799866071227
distract	2.0680799866071227
removal	2.0680799866071227
consumption	2.0680799866071227
pull	2.0680799866071227
youself	2.068056023103709
gnu	2.068056023103709
literate	2.068056023103709
domain	2.0680433996625145
Similarly	2.0680433996625145
transpose	2.068043399662514
tribunal	2.068043399662514
Indic	2.0680360689272215
ფრთენი	2.0680360689272215
w	2.0680360689272215
donn	2.0680360689272215
Line	2.0680360689272215
Now	2.0680360689272215
suited	2.0680360689272215
ondt	2.0680360689272215
ematen	2.0680360689272215
size	2.0680160998236756
flange	2.0680160998236756
fledging	2.0680160998236756
Warblers	2.068016099823675
Outdoor	2.068016099823675
Male	2.068016099823675
granted	2.06801387285431
LOUD	2.06801387285431
Creationism	2.06801387285431
Winter	2.068013035783634
Professor	2.068013035783634
factor	2.0680130357836335
formal	2.0680130357836335
conclusions	2.0680117733904826
saving	2.0680117733904826
devastating	2.0680117733904826
culpable	2.0680117733904826
Authorities	2.0680117733904826
torture	2.0680102088850387
enterprises	2.0680102088850387
Pictures	2.0680102088850387
fatten	2.0680102088850387
USJ	2.068005946824602
celebrating	2.068005946824602
Lightly	2.068005946824602
runny	2.068005946824602
scoured	2.068005946824602
Makes	2.068005946824602
define	2.0680015046384197
promises	2.0680015046384197
rifts	2.0680015046384197
Middle	2.0680015046384197
remains	2.0680015046384197
firms	2.0680015046384197
endless	2.0680015046384197
Senator	2.0680015046384197
Music	2.0679951700050463
policy	2.0679951700050463
need	2.0679951700050463
Johann	2.0679951700050463
improvised	2.0679951700050463
deep	2.0679951700050463
juntas	2.0679951700050463
other	2.0679951700050463
bedroom	2.067972669706169
kiasu	2.067972669706169
practised	2.067972669706169
throne	2.067972669706169
hips	2.0679726697061684
Yakushin	2.0679722523473636
bar	2.0679722523473636
Pozharsky	2.0679722523473636
gathering	2.0679722523473636
Мир	2.067966731050168
Frenchman	2.0679667310501677
des	2.0679667310501677
heirs	2.0679667310501677
distinctly	2.06796530516212
rein	2.06796530516212
atomised	2.06796530516212
WINNIPEG	2.06796530516212
comprise	2.0679582344550598
socket	2.0679582344550598
Microsoft	2.0679582344550598
removes	2.0679582344550598
carried	2.0679582344550598
Tandem	2.0679582344550598
Return	2.0679582344550598
sophisticated	2.0679582344550598
Relax	2.0679559946217205
Shevchenko	2.0679559946217205
Director	2.0679559946217205
Institute	2.0679559946217205
IMBP	2.0679559946217205
journey	2.06795599462172
crew	2.06795599462172
flight	2.06795599462172
mounted	2.06795599462172
exile	2.0679506049072973
imperfect	2.0679506049072973
tied	2.0679506049072973
outside	2.0679506049072973
Epiphany	2.0679506049072973
choking	2.0679506049072973
centuries	2.0679198500365956
unanimously	2.0679198500365956
parasitical	2.0679198500365956
immobilised	2.0678900119059564
fireworks	2.0678900119059564
ear	2.0678900119059564
gag	2.0678900119059564
dedes	2.0678430878862213
erase	2.0678430878862213
ironic	2.0678430878862213
Dropout	2.0678430878862213
SEE	2.0678376681910433
Good	2.067837668191043
installed	2.067837668191043
AFTER	2.067837668191043
recalled	2.0678078689117827
unthinkable	2.0678078689117827
standbys	2.0678078689117827
Virgin	2.0678078689117827
fervent	2.067764708147976
easier	2.067764708147976
creating	2.067764708147976
alleviate	2.067764708147976
dominant	2.067764708147976
digging	2.0677553036644367
Broadway	2.0677553036644367
biomedical	2.0677553036644367
Similar	2.0677553036644367
omits	2.0677553036644367
reading	2.0677553036644367
Clegg	2.06771129695364
Westminster	2.06771129695364
Downing	2.06771129695364
acknowledgement	2.0676742095691885
memories	2.0676742095691885
somehow	2.0676742095691885
Aren	2.0676742095691885
Evaluation	2.0676742095691885
younger	2.0676530900084815
borrowed	2.0676530900084815
apartment	2.0676530900084815
holes	2.0676530900084815
attentive	2.0676530900084815
liveliness	2.0676530900084815
tires	2.067653090008481
region	2.067602552505499
Decomposition	2.067602552505499
calculation	2.067602552505499
Under	2.067602552505499
conductivity	2.067602552505499
gaseous	2.067602552505499
explanation	2.067602552505499
inherently	2.067602552505499
weave	2.0675930607756943
big	2.067593060775694
senior	2.067593060775694
generations	2.067593060775694
Country	2.067593060775694
Hunter	2.067593060775694
Eurovision	2.0673981806090946
Lyuba	2.0673981806090946
Anna	2.0673981806090946
methods	2.0673981806090946
umpteenth	2.0673981806090946
Wind	2.0673981806090946
Yamal	2.0673981806090946
jell	2.0672138891674905
organ	2.0672138891674905
hearsay	2.0672138891674905
CK	2.0672138891674905
realized	2.0672138891674905
conversations	2.0672138891674905
personal	2.0672138891674905
dodgy	2.0672138891674905
NET	2.0672138891674905
license	2.0663704896819968
disclosure	2.0663704896819968
protected	2.0663704896819968
unlock	2.0663704896819968
COM1	2.0663704896819968
Exit	2.0663704896819968
REPLACED	2.0663704896819968
Type	2.0663704896819968
sur	2.0663704896819968
